[{
        "id": "1",
        "user": "1",
        "date": "5",
        "text": "Jo tio que fuerrrte"
    }, {
        "id": "2",
        "user": "1",
        "date": "5",
        "text": "Tengo tres pelos en el..."
    },{
        "id": "3",
        "user": "5",
        "date": "22/01/2014",
        "text": "Como me gustaaaaaaaa!"
    },{
        "id": "4",
        "user": "5",
        "date": "22/01/2014",
        "text": "Solo escribo chorradas"
    },{
        "id": "5",
        "user": "5",
        "date": "22/01/2014",
        "text": "hola pedazo de perra"
    },{
        "id": "6",
        "user": "5",
        "date": "22/01/2014",
        "text": "Caramba caramba"
    },{
        "id": "7",
        "user": "5",
        "date": "22/01/2014",
        "text": "Prueba 12312352"
    },{
        "id": "8",
        "user": "5",
        "date": "22/01/2014",
        "text": "hola caracola"
    }
]